ID,FirstName,LastName,Email,Gender,Designation
1,Sydney,Hunte,shunte0@cbslocal.com,Genderqueer,Help Desk Technician
2,Kimberly,Cullrford,kcullrford1@cbc.ca,Genderfluid,Dental Hygienist
3,Traci,Arnholz,tarnholz2@alibaba.com,Genderfluid,Project Manager
4,Gilbert,Luisetti,gluisetti3@indiatimes.com,Agender,Junior Executive
5,Brady,Jozefiak,bjozefiak4@yahoo.com,Agender,Dental Hygienist
6,Lyda,Trudgian,ltrudgian5@cnet.com,Non-binary,Desktop Support Technician
7,Katine,Lody,klody6@123-reg.co.uk,Polygender,Staff Accountant I
8,Sammy,Stryde,sstryde7@google.com.au,Polygender,VP Product Management
9,Dare,Panas,dpanas8@hugedomains.com,Polygender,Physical Therapy Assistant
10,Blondell,Bodman,bbodman9@google.co.jp,Genderqueer,Programmer Analyst IV
11,Ealasaid,Binfield,ebinfielda@yandex.ru,Female,Associate Professor
12,Damian,Sacher,dsacherb@mozilla.org,Bigender,Paralegal
13,Josepha,Ewert,jewertc@youku.com,Male,Chemical Engineer
14,Conrado,Babin,cbabind@sogou.com,Genderfluid,Senior Quality Engineer
15,Pauli,Yanshin,pyanshine@guardian.co.uk,Polygender,Legal Assistant
16,Albina,Gerring,agerringf@soup.io,Female,Safety Technician II
17,Dulce,Bawden,dbawdeng@dailymotion.com,Non-binary,Senior Developer
18,Gypsy,Morehall,gmorehallh@photobucket.com,Bigender,Computer Systems Analyst I
19,Winifred,Bestall,wbestalli@printfriendly.com,Male,Operator
20,Ruthie,Kleingrub,rkleingrubj@cnet.com,Agender,VP Product Management
21,Noell,Fearney,nfearneyk@blinklist.com,Female,Operator
22,Walliw,Hartmann,whartmannl@cbslocal.com,Polygender,Administrative Assistant III
23,Concordia,Nerney,cnerneym@yahoo.co.jp,Non-binary,Senior Editor
24,Whitney,Margerison,wmargerisonn@freewebs.com,Female,Pharmacist
25,Odella,Bools,oboolso@lycos.com,Polygender,Senior Cost Accountant
26,Carey,Menis,cmenisp@odnoklassniki.ru,Genderqueer,Chemical Engineer
27,Aland,Lebond,alebondq@sohu.com,Bigender,Media Manager III
28,Tricia,Drew-Clifton,tdrewcliftonr@alibaba.com,Polygender,Financial Analyst
29,Tyson,Riepl,triepls@ezinearticles.com,Genderqueer,VP Accounting
30,Rafferty,Blaxill,rblaxillt@mtv.com,Male,Nuclear Power Engineer
31,Irita,Honacker,ihonackeru@bing.com,Genderfluid,Analog Circuit Design manager
32,Glennis,Heatly,gheatlyv@theguardian.com,Male,Help Desk Operator
33,Curt,Donovin,cdonovinw@cbsnews.com,Genderfluid,Computer Systems Analyst II
34,Letta,Scouller,lscoullerx@twitpic.com,Agender,Sales Associate
35,Kellyann,Shergill,kshergilly@cbslocal.com,Non-binary,Compensation Analyst
36,Toby,Goodrich,tgoodrichz@smh.com.au,Bigender,Design Engineer
37,Pail,Haylock,phaylock10@wikipedia.org,Genderfluid,Nurse
38,Rivi,Linham,rlinham11@unesco.org,Genderqueer,Desktop Support Technician
39,Estrellita,Inkle,einkle12@japanpost.jp,Polygender,Media Manager II
40,Janith,Pullan,jpullan13@over-blog.com,Female,Research Associate
41,Griselda,Ness,gness14@narod.ru,Female,Recruiting Manager
42,Colene,Casserly,ccasserly15@reuters.com,Female,Paralegal
43,Hallsy,Bricket,hbricket16@chron.com,Bigender,Computer Systems Analyst IV
44,Alfredo,Atcock,aatcock17@hao123.com,Agender,Structural Analysis Engineer
45,Irwinn,Raikes,iraikes18@timesonline.co.uk,Non-binary,Computer Systems Analyst I
46,Germaine,Gotliffe,ggotliffe19@dion.ne.jp,Female,Cost Accountant
47,Doroteya,Balf,dbalf1a@unc.edu,Genderfluid,Computer Systems Analyst I
48,Bethanne,Mabson,bmabson1b@arizona.edu,Polygender,Senior Editor
49,Arch,Bacchus,abacchus1c@i2i.jp,Polygender,Structural Analysis Engineer
50,Zsa zsa,Mates,zmates1d@weebly.com,Female,VP Sales
51,Sue,Docksey,sdocksey1e@edublogs.org,Male,Financial Analyst
52,Nola,Earingey,nearingey1f@theglobeandmail.com,Genderfluid,Paralegal
53,Imojean,Knewstub,iknewstub1g@howstuffworks.com,Male,Biostatistician III
54,Neila,Fanton,nfanton1h@mtv.com,Male,Accounting Assistant III
55,Stewart,Dosdell,sdosdell1i@indiatimes.com,Genderfluid,Business Systems Development Analyst
56,Dante,Blindmann,dblindmann1j@webs.com,Female,Systems Administrator II
57,Hollie,Decort,hdecort1k@blog.com,Male,Structural Analysis Engineer
58,Kim,Ruddock,kruddock1l@fema.gov,Genderqueer,Account Coordinator
59,Ermanno,Tattershaw,etattershaw1m@ask.com,Female,Business Systems Development Analyst
60,Karlee,Roth,kroth1n@prlog.org,Male,Design Engineer
61,Anders,Abbay,aabbay1o@vk.com,Genderqueer,Administrative Officer
62,Jill,Evangelinos,jevangelinos1p@nbcnews.com,Genderfluid,Office Assistant III
63,Hester,Washington,hwashington1q@histats.com,Genderfluid,Data Coordiator
64,Whitney,Highwood,whighwood1r@1und1.de,Bigender,Marketing Assistant
65,Baily,Angel,bangel1s@google.co.jp,Male,Design Engineer
66,Emmye,Westcot,ewestcot1t@weebly.com,Agender,Project Manager
67,Gran,Arnow,garnow1u@free.fr,Female,Civil Engineer
68,Jocelyn,Wiffield,jwiffield1v@meetup.com,Non-binary,Software Test Engineer IV
69,Beverie,Dranfield,bdranfield1w@auda.org.au,Non-binary,VP Product Management
70,Leanna,Cozens,lcozens1x@amazon.com,Genderfluid,Administrative Assistant IV
71,Alix,MacCracken,amaccracken1y@google.nl,Bigender,Paralegal
72,Sara,Ferrini,sferrini1z@netvibes.com,Genderfluid,Operator
73,Marylee,Authers,mauthers20@arizona.edu,Agender,Financial Advisor
74,Anabal,Blakebrough,ablakebrough21@canalblog.com,Bigender,Account Executive
75,Neila,Tamblingson,ntamblingson22@timesonline.co.uk,Bigender,Help Desk Technician
76,Kelila,Doumic,kdoumic23@cyberchimps.com,Agender,Marketing Manager
77,Lib,Sisland,lsisland24@addthis.com,Agender,Environmental Tech
78,Putnem,Serle,pserle25@arstechnica.com,Agender,Payment Adjustment Coordinator
79,Grantham,Gozzett,ggozzett26@t.co,Genderqueer,Health Coach II
80,Giana,Meachen,gmeachen27@cam.ac.uk,Genderfluid,Programmer II
81,Donielle,Kilford,dkilford28@aol.com,Male,Help Desk Technician
82,Kinna,Eastby,keastby29@creativecommons.org,Agender,VP Marketing
83,Kali,Morrison,kmorrison2a@cpanel.net,Female,Structural Analysis Engineer
84,Hyacinth,Gradwell,hgradwell2b@istockphoto.com,Non-binary,Health Coach IV
85,Evelyn,Llewellen,ellewellen2c@elegantthemes.com,Genderqueer,Assistant Media Planner
86,Hilton,Doughtery,hdoughtery2d@hostgator.com,Bigender,VP Quality Control
87,Nefen,Gatling,ngatling2e@hud.gov,Non-binary,Research Nurse
88,Julianna,Badrock,jbadrock2f@domainmarket.com,Polygender,Environmental Tech
89,Tabitha,O'Curran,tocurran2g@imgur.com,Male,Clinical Specialist
90,Cece,Attersoll,cattersoll2h@smh.com.au,Polygender,Technical Writer
91,Dody,McCrory,dmccrory2i@sina.com.cn,Bigender,Payment Adjustment Coordinator
92,Krisha,Peacher,kpeacher2j@newsvine.com,Genderqueer,Software Test Engineer II
93,Florence,Davidzon,fdavidzon2k@ucsd.edu,Non-binary,Assistant Manager
94,Quinn,Bradly,qbradly2l@cornell.edu,Agender,Junior Executive
95,Markus,Accomb,maccomb2m@un.org,Female,Assistant Professor
96,Miles,Wolfit,mwolfit2n@themeforest.net,Genderqueer,Assistant Media Planner
97,Ivar,Lambarton,ilambarton2o@nasa.gov,Polygender,Tax Accountant
98,Kelsi,Bushaway,kbushaway2p@xrea.com,Genderqueer,Chemical Engineer
99,Ardys,Gozney,agozney2q@npr.org,Bigender,Geological Engineer
100,Raine,Dytham,rdytham2r@wufoo.com,Polygender,Senior Quality Engineer
